Function Name,Category,Purpose (1 line),Invoked By / Menu,Input Parameters,Output / Returns,Side Effects,Errors & Fixes,Related Functions,Notes
consolidateGRTemplateData,Main Processing,Main processing function; scans Drive folder; converts and extracts GR data; appends to output sheets,"Manual menu click: ""Process All New Files Now""; Time-based trigger: Every 1 minute (if auto trigger enabled)",None,None (writes to spreadsheet); Logs execution state to Script Properties,Creates/updates sheets; Appends to Processed Files Log; Creates then deletes temp files; Updates Script Properties,Timeout error → Reduce CONFIG.maxFilesPerRunTotal; Permission error → Verify Drive API enabled,showYearPicker; processSingleFile_; listCandidateFilesByYear_; ensureSheets_; loadProcessedMap_,Orchestrator function; handles locking to prevent overlaps; respects maxRuntimeMs timeout
showYearPicker,UI Interaction,Display modal dialog for year selection; calls runConsolidateForYear for selected year,"Manual menu click: ""Processing"" → ""Process Files for Year...""",None,None (modal displayed); User clicks year → runConsolidateForYear called,Displays modal with configured years,Modal doesn't appear → Check onOpen permissions; Reload sheet,runConsolidateForYear,Shows list of configured years from CONFIG
runConsolidateForYear,Main Processing,Process files from a specific year only (bypasses auto year-detection),showYearPicker after user selection,"year (number): e.g., 2025, 2026",Same as consolidateGRTemplateData; Logs results per year,Same as consolidateGRTemplateData but filtered to single year,Same as consolidateGRTemplateData,consolidateGRTemplateData; listCandidateFilesByYear_,Called with user-selected year; ensures balanced per-year processing
setupAutomaticEvery1Min,Automation,Create time-based trigger to run consolidateGRTemplateData every 1 minute,"Manual menu click: ""Automation"" → ""Start Auto Trigger (1 min)""",None,None (trigger created); Stores BOUND_SPREADSHEET_ID in Script Properties,Creates Apps Script time-based trigger; automatic processing begins ~1 min after call,Trigger creation fails → Check if trigger already exists (open Triggers in Apps Script); Try stopping first then starting; Verify permissions,stopAutomatic; debugAutoProcessingStatus,Automatic processing runs 24/7; respects daily quota limits; runs ~1 file per minute
stopAutomatic,Automation,Remove the automatic 1-minute time-based trigger,"Manual menu click: ""Automation"" → ""Stop Auto Trigger""",None,None (trigger deleted); Automatic processing stops,Deletes time-based trigger; processing only on manual clicks,Trigger deletion fails → Open Apps Script Triggers page; manually delete,setupAutomaticEvery1Min; debugAutoProcessingStatus,Graceful stop; can re-enable anytime via setupAutomaticEvery1Min
debugAutoProcessingStatus,Automation,Display detailed status of last automatic run including times; files; rows added; next run ETA,"Manual menu click: ""Automation"" → ""Show Auto Processing Status""",None,None (modal displayed); Shows status including last run times; file count; row count; next run ETA,Displays detailed modal with run state from Script Properties,"Status shows """"Idle"""" always → Check if trigger exists (open Apps Script Triggers); Status very old → No automatic runs have executed yet",setupAutomaticEvery1Min; Script Properties reader,Great for monitoring auto processing health
processSingleFile_,File Processing,Orchestrate all steps for one file: convert Excel → open → parse → append → cleanup,consolidateGRTemplateData() loop for each file in candidate list,ss (Spreadsheet): bound spreadsheet; fileInfo (Object): {id; name; year; month; url}; tempFolder (Folder): Google Drive temp folder,Object: {rowsAdded (number); status (string); timings (Object): {convertMs; openMs; parseMs; appendMs; totalMs}},Creates & deletes temp file; appends rows to output sheet; updates performance log,File not converting → Check file size (<10MB); Try different Excel format; Verify Drive API enabled; Permission error → Verify access to source folder,convertExcelToTempSheet_; openSpreadsheetWithRetry_; parseConvertedSheet_; appendRowsWithSourceLink_; logPerfEntry_,Core logic for single-file processing; includes try-catch with cleanup in finally block
convertExcelToTempSheet_,File Conversion,Use Google Drive API to convert Excel file to temporary Google Sheet,processSingleFile_() before parsing,fileInfo (Object): {id; name; url}; tempFolder (Folder): destination,Object: {sheetId (string); sheetUrl (string)}; throws NON_RETRIABLE_TOO_LARGE if >10MB,"Creates file in temp folder with ""_TEMP_"" prefix; calls Drive API; may throw error if conversion fails",File >10MB → Throws NON_RETRIABLE_TOO_LARGE; split file and retry; Drive API temporarily unavailable → Retry after delay; Malformed Excel → File might be corrupted; try opening in Excel locally first,openSpreadsheetWithRetry_,Critical step; conversion time ~30-60 sec per file; uses Drive.Files.copy API; requires Advanced Drive service enabled
openSpreadsheetWithRetry_,File Access,Open converted Google Sheet with retry logic (3 attempts with exponential backoff),convertExcelToTempSheet_() result; attempts to open,fileId (string): converted sheet ID; attempts (number): max retry count; delayMs (number): base delay,SpreadsheetApp object for the sheet; throws error if all retries fail,Calls SpreadsheetApp.openById with retries; waits CONFIG.openRetryDelayMs between attempts,All retries exhausted → Sheet API temporarily unavailable; wait and retry manually; Permission denied → Verify access to converted file,parseConvertedSheet_; convertExcelToTempSheet_,Retry pattern: 1st try immediately; 2nd after ~500ms; 3rd after ~1000ms
parseConvertedSheet_,Sheet Parsing,Find best sheet/tab in converted spreadsheet and extract candidate rows,processSingleFile_() after opening temp sheet,tempSS (Spreadsheet): converted Google Sheet; fileName (string): original Excel filename (for scoring),Object: {rows (Array): row data; columnMap (Object): column name→index mapping; sheetName (string): chosen sheet name},Determines which sheet in multi-sheet workbook is most likely data source; returns extracted raw rows,"No suitable sheet found → Status: """"No data extracted"""" or """"Needs manual check""""; manual check: is there a """"GR TEMPLATE"""" tab? Does any tab have >3 expected columns?",evaluateSheetCandidate_; detectHeaderRowAndMap_; extractRowsWithFilter_,"Uses fast-path preference for ""GR TEMPLATE"" sheets; fallback scores all sheets by header match count"
evaluateSheetCandidate_,Sheet Parsing,Score a single sheet and extract rows; detect header and validate column count,parseConvertedSheet_() for each sheet candidate,sh (Sheet): candidate sheet; fileName (string): filename; isDirectName (boolean): true if sheet name matches expected,Object: {score (number); rows (Array); columnMap (Object); reason (string)}; or empty if invalid,Returns scored sheet candidate for comparison,Low score (<3 matches) → Sheet likely not data; High score (>10 matches) → Sheet is probable match,detectHeaderRowAndMap_; extractRowsWithFilter_; countMappedHeaders_,Scoring logic: count of matched headers + file name token matches; picks highest-scoring sheet
detectHeaderRowAndMap_,Header Detection,Scan rows to find header row and map column positions to canonical names,evaluateSheetCandidate_() before row extraction,values (Array): 2D array of cell values from sheet,Object: {headerRowIndex (number): row number (0-based) of header; columnMap (Object): {header name → column index}}; throws if no valid header found,Stores column positions for later extraction,"No header found → Status: """"No data extracted""""; Fix: Check file format; Ensure header row exists; Verify >3 key columns match expected list",createColumnMapping_; HEADER_ALIASES; countMappedHeaders_,Scans up to CONFIG.headerScanMaxRows (~80) rows; requires min CONFIG.minHeaderMatches (~3) matches
createColumnMapping_,Header Detection,Given a header row; map each cell to canonical column names (using aliases),detectHeaderRowAndMap_() header matching,headerRow (Array): cells from detected header row,"Object: {header name → column index}; example: {""PO No."": 2; ""Material Description"": 4}",Builds mapping used for all downstream row extraction,Aliases too restrictive → Add new alias to HEADER_ALIASES object in script; re-run,HEADER_ALIASES object; detectHeaderRowAndMap_,"Uses HEADER_ALIASES for fuzzy column matching (e.g., ""PO Number"" → ""PO No."")"
extractRowsWithFilter_,Row Extraction,Extract data rows from sheet applying all filters (skip summaries; hidden rows; merged cells; empty rows),evaluateSheetCandidate_() after header detection,startRow; endRow (number): row range; headerColumnMap (Object): column mapping; rawValues (Array): cell data; sheet (Sheet object): for hidden row check,Array of row arrays (each row = extracted cells for that row),Applies sequential filters to identify valid data rows; caches visible row checks; returns only valid rows,No rows extracted → Check if all rows below header are summaries or empty; Verify visible/hidden state; Use debug tool,extractRowsByAnchors_; isSummaryOrFooterRow_; isLikelyMergedArtifactRow_; isEmptyRow_; isSheetRowVisible_,Filters: hidden rows (if CONFIG.onlyIncludeVisibleRows) → summary rows → footer rows → merged artifacts → empty rows
getEnrichmentForRow_,Enrichment,Look up enrichment data (Region; Site; Territory; USD) for a data row using PLA Lookup sheet,appendRowsWithSourceLink_() for each extracted row,row (Array): extracted row data; lookupMap (Object): PLA ID→lookup data mapping,Array: [regionalArea; siteName; territory; usdAmount],Performs PLA lookup; converts currency to USD if needed; returns enrichment values for appending,Enrichment columns blank → PLA Lookup sheet missing or empty; Fix: create sheet with PLA data; Verify PLA ID in source row matches lookup keys,toUsdIfPhp_; isManagedServices_; isOpexWbs_; loadPlaLookupMap_,Handles special cases: OPEX/Managed Services (different territory treatment); currency conversion
toUsdIfPhp_,Currency Conversion,Convert PHP or EUR amounts to USD using CONFIG.usdConversionRate,getEnrichmentForRow_(); formatCellByHeader_(),"amountValue (number/string): amount to convert; currencyValue (string): currency code (""PHP""; ""EUR""; ""USD""; etc.)",Number (converted USD amount); or original amount if currency is USD or unknown,Divides amount by CONFIG.usdConversionRate if currency is PHP/EUR; passes through unchanged if USD,"Incorrect USD amounts → Update CONFIG.usdConversionRate if exchange rate changed; Re-run """"Recompute USD for All Rows""""",getEnrichmentForRow_; formatCellByHeader_; CONFIG.usdConversionRate,"Default rate: 57 PHP/USD; Update when rate changes significantly (e.g., 57 → 58)"
loadPlaLookupMap_,Lookup,Read PLA Lookup sheet and build in-memory map for fast enrichment lookups,getPlaLookupMapCached_() on first call for each spreadsheet; cached thereafter,ss (Spreadsheet): bound spreadsheet,"Object: {plaId → {regionalArea; siteName; territory}}; example: {""PH001"": {regionalArea: ""APAC""; siteName: ""Manila""; territory: ""PH""}}",Reads entire PLA Lookup sheet into memory; caches per spreadsheet ID,PLA Lookup sheet not found → Script creates it automatically (no data); Add lookup rows manually; Empty lookup → Enrichment columns blank; Add PLA records to populate,getPlaLookupMapCached_; getEnrichmentForRow_; CACHE object,Cached in _CACHE.plaLookupMapBySsId[ssId] to avoid repeated sheet reads; cleared via clearPlaLookupMapCache_()
appendRowsWithSourceLink_,Output,Append extracted rows to target output sheet with Source File hyperlinks and enrichment columns,processSingleFile_() after row extraction,"sheet (Sheet): target output sheet (e.g., ""GR Posted 2025""); rows (Array): extracted row data; fileInfo (Object): {id; name; url}; controllerSs (Spreadsheet): for enrichment lookup",Number: count of rows appended,Appends rows to sheet; adds HYPERLINK formulas to Source File column; fills enrichment columns; applies formatting (dates; currency; %),Append fails → Output sheet not writable; Verify permissions; Check sheet has correct headers; Row count exploding → Archive old data; Performance degrades with >20K rows,getEnrichmentForRow_; formatCellByHeader_; fillCurrencyFromHints_; ensureEnrichmentColumns_,Critical step; adds Source File HYPERLINK formula; formats cells by column type; applies payment milestone % conversion
ensureSheets_,Sheet Management,Verify all required sheets exist (PLA Lookup; Processed Files Log; output sheets); create if missing,consolidateGRTemplateData() at start; onOpen() setup,ss (Spreadsheet): bound spreadsheet,None (creates sheets as needed),"Creates ""Processed Files Log""; ""PLA Lookup""; ""GR Automation Config""; output sheets for each year in CONFIG.outputSheets; adds headers if missing",Sheet creation fails → Permissions issue; Verify you can create sheets in this spreadsheet,ensureEnrichmentColumns_; readConfigMappings_,Idempotent: safe to call repeatedly; called on each run to ensure sheets exist
findOutputSheetByYear_,Sheet Management,Find or create output sheet for a given year (may resolve to external spreadsheet if configured),processSingleFile_() to route rows to correct sheet,ss (Spreadsheet): bound spreadsheet; year (number): e.g.; 2025,Sheet object for target sheet; may be in bound spreadsheet or external spreadsheet,"Creates sheet if missing; may open external spreadsheet if configured in """"GR Automation Config""""; ensures enrichment columns exist","Sheet in external spreadsheet not accessible → Verify permissions on target spreadsheet; Verify spreadsheet ID in """"GR Automation Config"""" is correct",findOutputSheetByYear_; ensureEnrichmentColumns_; getOutputSheetNameForYear,"Supports multi-spreadsheet setup via ""GR Automation Config"" sheet"
appendTrackerRowIfNotDuplicate_,Logging,Add result row to Processed Files Log; skip if file was already logged (duplicate prevention),processSingleFile_() after processing each file,ss (Spreadsheet): bound spreadsheet; fileInfo (Object): {id; name; month; year; url}; result (Object): {rowsAdded; status}; processedMap (Object): in-memory map,Boolean: true if logged; false if skipped as duplicate,Appends row with Timestamp; File Name; Month; Year; Rows Added; Status; File Link; idempotency check prevents duplicates,Duplicate tracker rows → Idempotency check failed (rare); manually delete duplicate row; report issue,loadProcessedMap_; normalizeLookupKey_; extractUrlFromHyperlinkFormula_,Duplicate detection: 6 different matching keys (filename; ID; URL variants); if ANY key exists in map; skip logging
logPerfEntry_,Logging,"Log performance metrics (timing data) to """"GR Automation Perf"""" sheet",processSingleFile_() after completing each file,fileInfo (Object): {id; name; year}; timings (Object): {convertMs; openMs; parseMs; appendMs; totalMs},None (appends to Perf sheet),"Appends row to ""GR Automation Perf"" sheet with Timestamp; File Name; Year; timing breakdown; rows added; status",Perf sheet not created → Auto-created on first call,ensurePerfSheetExists_,Useful for performance monitoring; identify slow files; debug bottlenecks; analyze trends over time
cleanupTempFiles,Maintenance,Delete temp files from _GR_AUTOMATION_TEMP folder (move to Drive Trash),"Manual menu click: ""Admin"" → ""Clean Temp Files""",None,"None (files moved to Trash); notification shows count (e.g.; ""5 temp files cleaned up"")",Moves all files in temp folder to Drive Trash; frees up Drive space; files recoverable for 30 days from Trash,Cleanup fails silently → Files still in temp folder; manually delete from Drive; permissions issue → Verify you can delete files in temp folder,getOrCreateTempFolder_; isTempArtifactName_,Safe to run anytime; routine maintenance (recommend monthly); files are in Trash; not permanently deleted
backfillMissingSourceLinksPreview,Backfill,Show preview (count) of rows that could be matched to source files WITHOUT making changes,"Manual menu click: ""Tracker & Logs"" → ""Backfill Source Links (Preview)""",None,"None (notification shows count; e.g.; ""20 rows could be matched"")",Read-only; no changes made; helps user verify matching logic before applying changes,No matches found → Source files not in source folder; Verify files are uploaded,backfillMissingSourceLinksNow,Safe to run anytime; good to run before applying; verifies matching confidence
backfillMissingSourceLinksNow,Backfill,Match output rows to source files and fill Source File column with hyperlinks,"Manual menu click: ""Tracker & Logs"" → ""Backfill Source Links (Now)""",None,None (output sheets updated); Source File column now has HYPERLINK formulas,Updates Source File column in all output sheets with matched file links; some rows may remain blank if no match found,False positives (wrong file linked) → Spot-check rows; matching logic is ~95% accurate for high-PO-number matches; some manual correction may be needed,backfillMissingSourceLinksPreview; buildFileUrlMapByName_,Matching: compares PO numbers + filename tokens; confidence threshold prevents most false positives
repairMainSiteColumnsNow,Backfill,Backfill missing enrichment columns (Region; Site; Territory) for existing output rows,"Manual menu click: ""GR Posted Sheets"" → ""Backfill Lookup & Territory (existing rows)""",None,None (output sheets updated); enrichment columns filled for rows that had blanks,Scans all output sheets; looks up enrichment for rows with blank enrichment columns; updates in-place,Some enrichment still blank → PLA Lookup sheet incomplete; Add more PLA records; PLA IDs in data don't match lookup keys; verify exact PLA ID values,getEnrichmentForRow_; loadPlaLookupMap_,Idempotent: safe to run multiple times; only updates cells that are blank
convertAmountToUsdForAllData,Backfill,Recalculate USD conversion for all rows (if CONFIG.usdConversionRate changed),"Manual menu click: ""GR Posted Sheets"" → ""Recompute USD for All Rows""",None,None (output sheets updated); USD column values recalculated,Scans all output sheets; recalculates USD amount for each row using new CONFIG.usdConversionRate; updates in-place,All USD amounts still wrong → Verify CONFIG.usdConversionRate is correct; re-run; Check that Amount To Billed column has numeric values,toUsdIfPhp_; CONFIG.usdConversionRate,Useful if exchange rate changed; re-run after updating CONFIG.usdConversionRate
fixSourceFileHyperlinksNow,Backfill,Convert plain-text source file links to clickable HYPERLINK formulas,"Manual menu click: ""GR Posted Sheets"" → ""Fix Source File Hyperlinks""",None,None (output sheets updated); Source File column now has HYPERLINK formulas,Updates Source File column; converts plain text to hyperlinks; makes links clickable,Some links not converted → May be malformed URLs; manually check format; Test clicking a link after running,extractUrlFromHyperlinkFormula_,Useful after manual data entry; converts links on existing rows
normalizeTrackerFileLinkColumnNow,Backfill,Ensure all tracker file links are clickable hyperlinks,"Manual menu click: ""Tracker & Logs"" → ""Fix Tracker File Links""",None,None (Processed Files Log updated); File Link column has HYPERLINK formulas,Updates Processed Files Log File Link column; converts plain text to hyperlinks,Some links not converted → Malformed URLs; manually review format; Test clicking a link,extractUrlFromHyperlinkFormula_,Similar to fixSourceFileHyperlinksNow but for tracker sheet
backfillTrackerMonthsNow,Backfill,Fill missing Month column values in Processed Files Log by extracting from filename/file date,"Manual menu click: ""Tracker & Logs"" → ""Backfill Missing Months""",None,None (Processed Files Log updated); Month column has extracted month values,Scans tracker rows; for blanks in Month column; extracts month from filename or file date; updates in-place,Some months still blank → Filename has no month token; file date not available; can manually enter; Month values wrong → Regex extraction matched wrong numbers; manually correct,extractMonthFromDate_; detectYearFromNameOrFileDate_,Useful for cleaner tracker reporting; improves dashboard accuracy
debugMainSiteSetup,Diagnostic,Check and verify all required sheets and columns exist with correct names; suggests fixes if issues found,"Manual menu click: ""Admin"" → ""Check Lookup & Output Setup""",None,"None (modal shown); displays verification result (""Setup verified!"" or specific issues)",Scans bound spreadsheet for required sheets; checks headers; reports missing or misconfigured sheets; suggests fixes,Issues reported → Create missing sheet; add missing columns; re-run diagnostic,ensureSheets_; ensureEnrichmentColumns_,Good troubleshooting step; run if script seems broken; suggests exact fixes needed
debugTestSingleFile,Diagnostic,Process a single file with detailed debug output; useful for troubleshooting why a file fails,"Manual menu click: ""Admin"" → ""Test One Source File (Debug)""",None,None (file picker shown); after selection; file is processed and debug output displayed,Single file processed; detailed logs shown (headers detected; rows extracted; enrichment; errors); helpful for diagnosing issues,No output shown → Check browser console (F12) for errors; Try different file; File picker doesn't work → Verify permissions,processSingleFile_; parseConvertedSheet_; evaluateSheetCandidate_,Excellent for troubleshooting specific files; shows exact header matches; row counts; errors with full context
listCandidateFilesByYear_,File Discovery,Scan source Drive folder and build candidate list of new files grouped by year; apply processing limits,consolidateGRTemplateData() at start of run,folder (Folder): Drive source folder; failedAttemptsMap (Object): file ID → failure count,Object: {year → [fileInfo array]}; example: {2025: [{id; name; year; ...}; {...}]; 2026: [...]},Scans folder; filters by file type; detects year; applies maxFilesPerRunTotal and maxFilesPerRunPerYear limits; skips >10MB and failed files,No files found → Verify source folder exists and has correct name (CONFIG.sourceFolderName); Verify Excel files are actually there,findFolder_; detectYearFromNameOrFileDate_; loadProcessedMap_; loadFailedAttemptsMap_; shouldSkipFileForPerformance_,Candidate list determines what gets processed in current run; respects limits to prevent timeouts
loadProcessedMap_,Tracker,Read Processed Files Log into in-memory map for fast duplicate detection,consolidateGRTemplateData() at start; buildProcessList_(),ss (Spreadsheet): bound spreadsheet,Object: {file key → true}; multiple keys per file (filename; ID; URL variants),Reads tracker sheet; builds map with 6 different key types per file; used to prevent duplicate logging and detect already-processed files,Tracker sheet not found → auto-created; Map incorrect → Manually review Processed Files Log for duplicate rows; clean up if needed,appendTrackerRowIfNotDuplicate_; loadFailedAttemptsMap_,Critical for idempotency; 6 key types ensure duplicates caught across filename changes; URL variations; Drive ID changes
loadFailedAttemptsMap_,Tracker,Read Processed Files Log and count failed attempts per file; skip files with too many failures,consolidateGRTemplateData() at start; buildProcessList_(),ss (Spreadsheet): bound spreadsheet,Object: {file ID → failure count}; skips files with >= CONFIG.maxFailedAttemptsPerFile (default 5),"Reads tracker; counts rows with """"no data extracted""""; """"error:""""; """"needs manual check"""" status; counts per file ID; used to skip repeat failures",Map incorrect → Manually fix tracker rows if status is wrong; Reset failure count by deleting old tracker rows for a file,listCandidateFilesByYear_; shouldSkipFileForPerformance_,Prevents wasting time on persistently failing files; can reset by clearing tracker entries
detectHeaderRowAndMap_,Header Detection,Scan rows to detect header row and map canonical column names to cell indices,evaluateSheetCandidate_() before row extraction,values (Array): 2D array of raw cell values from sheet,Object: {headerRowIndex (number): 0-based row number; columnMap (Object): {header name → column index}}; throws if no header found,Scans up to CONFIG.headerScanMaxRows (~80); finds row with most header matches; returns column mapping,"No header found → Status: """"No data extracted""""; Fix by checking file format; ensuring header row with >3 expected columns exists",createColumnMapping_; HEADER_ALIASES; countMappedHeaders_; normalizeText_,Uses fuzzy matching with HEADER_ALIASES; requires min CONFIG.minHeaderMatches (3) matches to be valid
onOpen,UI Setup,Apps Script onOpen trigger; builds GR Automation menu when spreadsheet opens,Automatic: runs when sheet opens; Manual: can be triggered by clicking Run in Apps Script,None,None (menu created); menu appears in spreadsheet,"Creates """"GR Automation"""" menu with submenus; called on every sheet open; idempotent",Menu not appearing → Run onOpen manually; Grant permissions when prompted; Reload sheet; Menu items not working → Check CONFIG syntax; Verify functions exist in script,establishConfiguredYears_; openPlaLookupSheet,Automatically runs; safe to trigger manually via Run button in Apps Script
openPlaLookupSheet,UI Interaction,Open and display the PLA Lookup sheet in the spreadsheet,"Manual menu click: ""GR Automation"" → (top-level action; not in submenu)",None,None (sheet activated),"Navigates to ""PLA Lookup"" sheet; makes it visible","PLA Lookup sheet not found → Script creates it automatically on first run; if missing; run ""Check Lookup & Output Setup"" diagnostic",findOutputSheetByYear_,Convenience action; quickly jump to lookup sheet for editing
getConfiguredYears_,Configuration,Read CONFIG.outputSheets and return list of configured years,getConfiguredYearsForUi(); showYearPicker(),None,Array: [2025; 2026; ...] based on CONFIG.outputSheets keys,Returns years from CONFIG for UI display,Empty array → CONFIG.outputSheets is empty; Edit CONFIG to add years; Years wrong → Verify CONFIG.outputSheets object,showYearPicker; getConfiguredYearsForUi,Simple lookup; used for building year picker menu
readConfigMappings_,Configuration,Read GR Automation Config sheet and return year→sheet→spreadsheet mappings,getConfigMappingsCached_() on first call; cached thereafter,None,Object: {year → {sheetName; spreadsheetId}}; or empty object if no config,"Reads """"GR Automation Config"""" sheet; builds mapping for external spreadsheet routing",Config sheet not found → auto-created; empty; No mappings → Rows not in config; Add year/sheet/ssId rows to configure,getConfigMappingsCached_; clearConfigMappingsCache_; writeConfigMapping_,Optional: if not used; defaults in CONFIG.outputSheets are used
addConfiguredYear,Configuration,Add a new year mapping to GR Automation Config sheet and optionally create output sheet,Called programmatically during setup (or manually via menu if exposed),"year (number): e.g.; 2027; sheetName (string): e.g.; ""GR Posted 2027""; spreadsheetId (string): spreadsheet URL/ID; createSheet (boolean): true to create sheet",None (config updated); sheet created if createSheet=true,Writes row to GR Automation Config; optionally creates new output sheet; clears config cache,Error writing config → Permissions issue on Config sheet; Verify you can edit that sheet,writeConfigMapping_; clearConfigMappingsCache_,Used to expand system for new years; can be called programmatically or exposed as menu item
isSummaryOrFooterRow_,Row Filtering,Detect if a row is a summary/footer/total row (should be skipped),extractRowsWithFilter_() for each row candidate,rawRow (Array): raw cell values; dispRow (Array): display values,Boolean: true if summary; false if data row,Returns true for rows matching summary patterns (TOTAL; SUBTOTAL; SUMMARY; GRAND TOTAL; OVERALL; AVERAGE; etc.),False positive (data row marked as summary) → Add specific keyword to SUMMARY_KEYWORDS constant in script; re-run,extractRowsWithFilter_; SUMMARY_KEYWORDS constant; isLikelyMergedArtifactRow_,Filters out junk rows automatically; improves data quality
isLikelyMergedArtifactRow_,Row Filtering,Detect if a row is likely a merged-cell artifact (unusual formatting; should be skipped),extractRowsWithFilter_() for each row candidate,rawRow (Array); dispRow (Array),Boolean: true if merged artifact; false if normal row,Heuristic check for merged cell patterns; returns true for rows with suspicious formatting,False positive → Improve heuristic (rare); report issue; False negative (merged artifact not detected) → Unlikely; rare edge case,extractRowsWithFilter_; isCellPresent_,Helps skip formatting artifacts; improves data extraction quality
isEmptyRow_,Row Filtering,Detect if a row is empty (all cells blank); should be skipped,extractRowsWithFilter_() for each row candidate,rawRow (Array); dispRow (Array),Boolean: true if empty; false if has data,Simple check: all cells are blank or whitespace,False positive → Row has data but looks blank (rare); check for hidden characters,extractRowsWithFilter_; isCellPresent_,Filters out blank rows; improves data quality
isSheetRowVisible_,Row Filtering,Check if a specific row in a sheet is hidden/filtered (visible or not),extractRowsWithFilter_() if CONFIG.onlyIncludeVisibleRows=true,sheet (Sheet): sheet object; rowNumber (number): 1-based row number,Boolean: true if row is visible; false if hidden/filtered,Uses Sheet.isRowHidden() to check; skips hidden rows if CONFIG.onlyIncludeVisibleRows=true,Row visibility check incorrect → Rare; Google Sheets API edge case; ignore if rare,extractRowsWithFilter_; CONFIG.onlyIncludeVisibleRows,Respects user's manual hiding/filtering; improves data quality by excluding filtered rows
isRepeatedHeaderRow_,Row Filtering,Detect if a row is a repeated header row (same as header; should be skipped),extractRowsWithFilter_() for each row candidate,row (Array): raw cell values from row,Boolean: true if row looks like header (all header names present); false if data row,Checks if row contains >3 header names; skips repeated headers,False positive (data row marked as header) → Improve threshold; rare,extractRowsWithFilter_; normalizeText_,Filters out repeated headers (common in multi-page exports)
isLikelyDataRow_,Row Filtering,Quick check: does row look like it might have data (passes basic sniff test),extractRowsWithFilter_() for each row candidate,rawRow (Array); dispRow (Array),Boolean: true if row might be data; false if obviously not (e.g.; all formatting; no values),Simple heuristic: checks for non-empty cells in key columns,False positive (trash row classified as data) → Re-check with other filters (summary; empty; merged artifact); is caught downstream,extractRowsWithFilter_; isNonTrivialRow_,Quick filter; faster than detailed analysis; combined with other filters for accuracy
isNonTrivialRow_,Row Filtering,Check if row is non-trivial (has at least some real data; not all whitespace/formatting),extractRowsWithFilter_() for each row candidate,rawRow (Array); dispRow (Array),Boolean: true if non-trivial; false if all whitespace/empty,Counts non-empty cells; threshold: >1 cell with data,False positive → Row has numeric formatting but no values; caught by other filters,extractRowsWithFilter_; isCellPresent_,Helps filter out rows with only formatting/borders
isCellPresent_,Cell Detection,Check if a cell has meaningful content (not blank; not just whitespace),isSummaryOrFooterRow_(); isNonTrivialRow_(); other checks,rawValue (any): raw cell value; displayValue (string): display representation,Boolean: true if cell has content; false if blank/whitespace only,Checks both raw and display values; handles various blank representations,Always returns false (cell seems blank) → Check cell formatting; may be custom format hiding value,isEmptyRow_; isLikelyDataRow_; isNonTrivialRow_,Conservative check; prefers to consider cells present unless clearly blank
formatCellByHeader_,Cell Formatting,Apply appropriate formatting (date; currency; percentage) to a cell based on column header,appendRowsWithSourceLink_() for each cell being appended,header (string): column name; rawValue (any): raw value; displayValue (string): display representation,Formatted value ready for Google Sheet; may include %-conversion (e.g.; 0.5 → 50%),Applies formatting based on header; special handling for Payment Milestone (0-1 range → percentage),Wrong formatting applied → Check if column name matches expected list in COLUMN_MAPPING; Manually fix formatting if needed,applyAmountFallback_; toUsdIfPhp_; fillCurrencyFromHints_,Date columns: converted to Sheet date format; Currency columns: currency format; %: percentage format; Payment Milestone: 0-1 → 0-100%
applyAmountFallback_,Cell Formatting,Fill Amount To Billed column if blank; use Sub Total as fallback,appendRowsWithSourceLink_() for each row; formatCellByHeader_(),outRow (Array): output row being built; COL (Object): column index map,Modified outRow with Amount To Billed filled (or left as-is if already present),Updates Amount To Billed if blank; uses Sub Total value as fallback; helps prevent missing amounts,Fallback not applied → Sub Total column also blank; acceptable (no data available),formatCellByHeader_; toUsdIfPhp_,Improves data completeness; ensures Amount To Billed column is populated when possible
fillCurrencyFromHints_,Cell Formatting,Infer currency (PHP; EUR; USD; etc.) from cell number format or other hints,appendRowsWithSourceLink_() for each row; formatCellByHeader_(),outRow (Array); rowFormats (Object): format data; columnMap (Object): column indices,Modified outRow with Currency column filled (or left as-is if already present); infers PHP; EUR; USD,Uses CONFIG.useNumberFormatCurrencyHints to optionally infer from cell format; attempts to detect currency,Currency inferred incorrectly → Set CONFIG.useNumberFormatCurrencyHints=false; manually set currency values,formatCellByHeader_; toUsdIfPhp_,Advanced feature; usually left disabled (CONFIG.useNumberFormatCurrencyHints = false)
findFolder_,Drive Access,Search Google Drive for a folder by exact name,listCandidateFilesByYear_(); getOrCreateTempFolder(),name (string): folder name to search for,Folder object (Google Drive API) or null if not found,Searches Drive root and subfolders; returns first matching folder; null if not found,Folder not found → Verify folder exists on Drive; Check spelling of folder name; Must match CONFIG.sourceFolderName exactly,getOrCreateTempFolder_; isTempArtifactName_,Folder name must match exactly (case-insensitive); if multiple folders have same name; returns first found
getOrCreateTempFolder_,Drive Access,Find or create the temp folder (_GR_AUTOMATION_TEMP) for converted sheets,processSingleFile_(); cleanupTempFiles(),None,Folder object (Google Drive API) for temp folder,Calls findFolder_ for temp folder; creates if missing (with exact name CONFIG.tempFolderName),Folder creation fails → Permission denied on Drive; Verify you can create folders,findFolder_; isTempArtifactName_; cleanupTempFiles,Auto-creates if missing; safe to call anytime; used for storing temporary converted Google Sheets
isTempArtifactName_,Drive Utility,Check if a file name matches temp artifact naming pattern (_TEMP_ prefix),cleanupTempFiles(); file filtering logic,name (string): file name to check,Boolean: true if name looks like temp artifact (starts with _TEMP_); false otherwise,Simple string prefix check,False positive (real file starts with _TEMP_) → Rename real file to avoid confusion,getOrCreateTempFolder_,Used to identify temp files for cleanup; be careful not to name real files _TEMP_...
normalizeLookupKey_,Text Normalization,Normalize text for lookup/matching (lowercase; trim; remove extra spaces),Header matching; enrichment lookups; duplicate detection,v (string): text to normalize,String: normalized (lowercase; trimmed; spaces collapsed),Converts to lowercase; trims; collapses multiple spaces to single space,Always returns empty → Input was empty/null; check upstream source,normalizeFileKey_; normalizePlaLookupKey_; normalizeDriveUrlForKey_; detectHeaderRowAndMap_; createColumnMapping_,Used throughout for consistent text comparison; improves matching accuracy
normalizeFileKey_,Text Normalization,Normalize filename for duplicate detection (lowercase; remove special chars; collapse spaces),loadProcessedMap_(); appendTrackerRowIfNotDuplicate_(),name (string): filename to normalize,String: normalized filename (lowercase; special chars removed; spaces collapsed),More aggressive than normalizeLookupKey_; removes punctuation; used for file matching,Over-aggressive (valid distinctions lost) → Rare; improves matching by removing punctuation artifacts,normalizeLookupKey_; extractDriveIdFromUrl_; loadProcessedMap_,Helps catch duplicate files with slightly different names
normalizePlaLookupKey_,Text Normalization,Normalize PLA lookup data (text from lookup sheet cells),loadPlaLookupMap_(); getEnrichmentForRow_(),v (string): lookup cell value to normalize,String: normalized,Applied to PLA ID and lookup values for case-insensitive matching,Over-aggressive → Check if important distinctions are lost; rare issue,normalizeLookupKey_; normalizeDriveUrlForKey_,Ensures PLA lookup is case-insensitive; improves matching
normalizeDriveUrlForKey_,Text Normalization,Normalize Drive URLs for duplicate detection (remove query params; standardize format),loadProcessedMap_(); appendTrackerRowIfNotDuplicate_(),url (string): Drive URL to normalize,String: normalized URL (consistent scheme; no query params),Strips query parameters; standardizes URL format; used for matching files by URL,URL not recognized → Check if it's a valid Drive file URL; may have unusual format,extractDriveIdFromUrl_; normalizeLookupKey_; loadProcessedMap_,Handles URL variations (www vs. non-www; query params; etc.); improves duplicate detection
extractDriveIdFromUrl_,Text Parsing,Extract Google Drive file ID from a Drive URL,buildFileUrlMapByName_(); enrichment; file matching logic,url (string): Drive URL,"String: file ID (e.g.; ""1aBcDeFgHiJkLmNoPqRsTuVwXyZ""); or null if not found",Uses regex to extract ID from URL patterns; returns null if no ID found,ID not extracted → URL may be invalid or in unexpected format; check URL,normalizeLookupKey_; normalizeDriveUrlForKey_,Standardizes file identification across different URL formats
extractUrlFromHyperlinkFormula_,Text Parsing,Extract URL from a Google Sheet HYPERLINK formula,fixSourceFileHyperlinksNow(); normalizeTrackerFileLinkColumnNow(); backfill logic,formula (string): HYPERLINK formula string,String: URL extracted from formula; or original formula if not a HYPERLINK,Parses HYPERLINK(url; label) format; extracts URL; returns original if not a HYPERLINK,URL not extracted → Formula may be non-standard; check format manually,formatCellByHeader_; appendRowsWithSourceLink_,Useful for backfill/repair; handles both formula and plain-text links
buildFileUrlMapByName_,Drive Utility,Build a map of filename → file object for quick lookups,backfillMissingSourceLinks_(); file matching logic,folder (Folder): Drive folder to scan,"Object: {filename → File object}; example: {""GR_REQUEST_2025.xlsx"": {id; url; ...}}",Iterates folder; builds map keyed by filename; used for matching output rows back to source files,Map incomplete → Folder may have many files; only first N files indexed; improve by caching more,backfillMissingSourceLinks_; findFolder_,Used for backfill matching; faster than searching Drive for each row
ensurePerfSheetExists_,Sheet Management,"Ensure """"GR Automation Perf"""" sheet exists; create if missing",logPerfEntry_() on first performance log,None,None (sheet created if needed),"Creates ""GR Automation Perf"" sheet if missing; adds header row with column names",Sheet creation fails → Permission denied; verify you can edit spreadsheet,logPerfEntry_,Performance sheet: logs conversion; open; parse; append times for each file; useful for diagnostics
normalizeText_,Text Normalization,Normalize arbitrary text (lowercase; trim),Header detection; column name matching; other comparisons,v (string): text to normalize,String: normalized (lowercase; trimmed),Simpler than normalizeLookupKey_; just lowercase and trim,Empty result → Input was empty; check upstream,normalizeLookupKey_; normalizeFileKey_; createColumnMapping_; detectHeaderRowAndMap_,Basic normalization; used throughout for text comparison
isManagedServices_,Data Classification,Detect if a row is a Managed Services row (special territory/OPEX handling),getEnrichmentForRow_(); enrichment logic,materialDesc (string): Material Description; serviceShortText (string): PO Service Short Text,Boolean: true if row appears to be Managed Services; false otherwise,Checks for keywords (SERVICE; MAINTENANCE; SUPPORT; etc.) in columns; heuristic-based,False positive → Keyword detected in non-service row; check enrichment output,getEnrichmentForRow_; isOpexWbs_,Managed Services rows often have no territory (OPEX); this flag adjusts enrichment
isOpexWbs_,Data Classification,Detect if WBS Element indicates OPEX (Operational Expenditure),getEnrichmentForRow_(); enrichment logic,wbsValue (string): WBS Element column value,Boolean: true if WBS looks like OPEX; false otherwise,"Checks if WBS starts with """"OPEX"""" or matches OPEX pattern; heuristic",False positive → Non-OPEX WBS detected as OPEX; check enrichment output; review WBS naming convention,getEnrichmentForRow_; isManagedServices_,OPEX entries have special handling; may not have territory
isPhpCurrency_,Currency Detection,Detect if currency code/text indicates PHP,toUsdIfPhp_(); enrichment logic,"currencyValue (string): currency text (e.g.; ""PHP""; ""php""; ""₱"")",Boolean: true if PHP detected; false otherwise,Checks multiple PHP representations (PHP; php; ₱ symbol; etc.),"False positive → Currency name contains """"php"""" but not PHP (rare); check output",toUsdIfPhp_; isUsdCurrency_; isEurCurrency_,Used for currency conversion; improves flexibility in currency input
isUsdCurrency_,Currency Detection,Detect if currency code/text indicates USD,toUsdIfPhp_(); enrichment logic; formatCellByHeader_(),"currencyValue (string): currency text (e.g.; ""USD""; ""usd""; ""$"")", Boolean: true if USD detected; false otherwise,Checks multiple USD representations,"False positive (rare) → Currency name contains """"usd"""" but not USD; check output",toUsdIfPhp_; isPhpCurrency_; isEurCurrency_,If USD: no conversion applied (amount stays as-is)
isEurCurrency_,Currency Detection,Detect if currency code/text indicates EUR,toUsdIfPhp_(); enrichment logic,"currencyValue (string): currency text (e.g.; ""EUR""; ""eur""; ""€"")",Boolean: true if EUR detected; false otherwise,Checks multiple EUR representations,"False positive (rare) → Currency name contains """"eur"""" but not EUR; check output",toUsdIfPhp_; isPhpCurrency_; isUsdCurrency_,If EUR: converted to USD using CONFIG.usdConversionRate
parseAmount_,Number Parsing,Parse an amount value (handle text; currency symbols; commas; etc.),Cell formatting; enrichment logic; amount fallback,v (any): value to parse (number; string; currency text),Number: parsed amount; or NaN if unparseable,Removes currency symbols (PHP; €; $; etc.); removes commas; converts to number,"NaN result → Value is non-numeric (e.g.; """"N/A""""; """"TBD""""); acceptable; amount left blank",formatCellByHeader_; applyAmountFallback_; toUsdIfPhp_,Flexible parsing; handles various amount formats
shouldSkipFileForPerformance_,File Filtering,Check if file should be skipped due to size (> 10 MB),listCandidateFilesByYear_(); file filtering logic,file (File): Google Drive file object,Boolean: true if file > 10 MB (skip); false if <= 10 MB (process),Checks file size; returns true if > 10MB threshold,Size check fails → File size unavailable from Drive API (rare); assume safe to process,listCandidateFilesByYear_; processSingleFile_,10 MB threshold prevents Drive API conversion timeouts; users can split large files or adjust threshold in CONFIG
extractMonthFromDate_,Date Parsing,Extract full month name from a Date object,backfillTrackerMonthsNow(); detectYearFromNameOrFileDate_(),dateObj (Date): JavaScript Date object,"String: full month name (e.g.; ""January""; ""February""; ""March"")",Converts month number to English month name; returns empty if date invalid,Empty result → Date object invalid; check upstream source,backfillTrackerMonthsNow; detectYearFromNameOrFileDate_,Used for tracker Month column; improves reporting/filtering
writeConfigMapping_,Configuration,Write a year→sheet→spreadsheet mapping to GR Automation Config sheet,addConfiguredYear(); setup logic,year (number): year to add; sheetName (string): target sheet name; spreadsheetId (string): target spreadsheet ID/URL,None (row appended to config),"Appends row to ""GR Automation Config"" sheet; clears config cache",Write fails → Permission denied on Config sheet; verify you can edit,addConfiguredYear; clearConfigMappingsCache_; readConfigMappings_,Used for multi-year multi-spreadsheet setup
getOutputSheetNameForYear,Configuration,Get the output sheet name for a given year (default or configured),findOutputSheetByYear_(); multi-spreadsheet routing,year (number): year to look up,"String: sheet name (e.g.; ""GR Posted 2025""); or null if not found/configured",Looks up in readConfigMappings_() first; fallback to CONFIG.outputSheets,Null result → Year not in config and not in CONFIG.outputSheets; add configuration,writeConfigMapping_; readConfigMappings_; findOutputSheetByYear_,Supports both default (CONFIG.outputSheets) and custom mappings (GR Automation Config)
countMappedHeaders_,Header Analysis,Count how many expected column headers are present in a given header row,evaluateSheetCandidate_(); header validation,columnMap (Object): column mapping {header name → index}; headers (Array): raw header values from row,Number: count of matched expected columns,Iterates expected columns; checks if present in header row; counts matches,Low count → Few expected columns match; likely wrong sheet,evaluateSheetCandidate_; detectHeaderRowAndMap_; createColumnMapping_,Used for sheet scoring; sheets with more header matches are preferred
getSpreadsheet_,Spreadsheet Access,Get the bound spreadsheet object (main controller spreadsheet),consolidateGRTemplateData(); ensureSheets_(); onOpen(); many functions,None,SpreadsheetApp object for bound spreadsheet,Returns the spreadsheet the script is bound to,Fails if script not bound to spreadsheet (rare); verify in Apps Script project settings,ensureSheets_; findOutputSheetByYear_; appendTrackerRowIfNotDuplicate_,Fundamental function; used to access main control spreadsheet
getConfiguredYearsForUi,Configuration,Get list of configured years for year picker menu,showYearPicker(); menu building,None,Array: [2025; 2026; ...]; based on CONFIG.outputSheets keys,Returns configured years; shown in year picker modal,Empty array → CONFIG.outputSheets is empty; add years to CONFIG,getConfiguredYears_,Used by UI to populate year dropdown menu
clearConfigMappingsCache_,Cache,Clear the in-memory config mapping cache,writeConfigMapping_(); after config changes,None,None (cache cleared),Resets _CACHE.configMappings to null; forces reload on next call,Cache invalidation edge case (rare) → Config changes not reflected; manually call clearConfigMappingsCache_(); reload,getConfigMappingsCached_,Cache improves performance; clear when config changes
getLookupMapCached_,Cache,Get cached PLA Lookup map (with optional force refresh),getEnrichmentForRow_(); enrichment logic,ss (Spreadsheet): spreadsheet containing PLA Lookup; force (boolean): true to bypass cache,Object: {PLA ID → lookup data}; or {} if not found,Returns cached map or loads fresh if cache miss or force=true; caches per spreadsheet ID,Cache stale (lookup data changed) → Either wait for new run (cache clears per file) or call with force=true,loadPlaLookupMap_; clearPlaLookupMapCache_,Caching improves performance; cache is scoped per spreadsheet ID
clearPlaLookupMapCache_,Cache,Clear cached PLA Lookup maps (all or for one spreadsheet),After lookup sheet updates; refreshing data,ss (Spreadsheet): optional; if provided; clears only that SS's cache; if null; clears all,None (cache cleared),Resets _CACHE.plaLookupMapBySsId; full or partial clear depending on parameter,Cache never refreshed → May indicate cache not being cleared after updates; manually call after modifying PLA Lookup,getPlaLookupMapCached_,Use when PLA Lookup data changes mid-run
extractRowsByAnchors_,Row Extraction,Extract rows using anchor column detection (find start/end of data block by looking for anchor columns),parseConvertedSheet_(); advanced row extraction,startRow; endRow (number): row range; columnMap; anchorColumnIndices (Array); rawValues; sheet,Array: extracted rows between anchors,Advanced row extraction using anchor columns (e.g.; rows starting with PO No. and ending with a key column),No rows extracted → Anchors may not be appropriate; fallback to simpler extraction,extractRowsWithFilter_; detectHeaderRowAndMap_,More sophisticated than simple row filtering; useful for complex spreadsheet layouts
buildProcessList_,File Discovery,Take candidate files grouped by year and build final processing queue respecting limits,consolidateGRTemplateData(),candidates (Object): {year → [fileInfo]}; limits: maxFilesPerRunTotal; maxFilesPerRunPerYear,Array: [fileInfo; fileInfo; ...]; final list of files to process in this run,Flattens candidates; respects per-year and total limits; returns final list,Empty list → All candidates filtered out; may have no new files or all files failed too many times,listCandidateFilesByYear_; consolidateGRTemplateData,Ensures processing respects limits and prevents timeouts
